/typo3cms/ContributionWorkflowGuide/Forge/ReportingABug.html,/typo3cms/ContributionWorkflowGuide/ReportingAnIssue/Index.html
/typo3cms/TyposcriptReference/Functions/Imgresource/Index.html,/typo3cms/TyposcriptReference/Functions/Imgresource.html
/typo3cms/TyposcriptReference/Functions/Cache/Index.html,/typo3cms/TyposcriptReference/Functions/Cache.html
/typo3cms/TyposcriptReference/Functions/Stdwrap/Index.html,/typo3cms/TyposcriptReference/Functions/Stdwrap.html
/typo3cms/TyposcriptReference/Functions/Addparams/Index.html,/typo3cms/TyposcriptReference/Functions/Addparams.html
/typo3cms/TyposcriptReference/Functions/Split/Index.html,/typo3cms/TyposcriptReference/Functions/Split.html
/typo3cms/TyposcriptReference/Functions/Parsefunc/Index.html,/typo3cms/TyposcriptReference/Functions/Parsefunc.html
/typo3cms/TyposcriptReference/Functions/Index.html,/typo3cms/TyposcriptReference/Functions.html
/typo3cms/TyposcriptReference/Functions/GetEnv/Index.html,/typo3cms/TyposcriptReference/Functions/GetEnv.html
/typo3cms/TyposcriptReference/Functions/Round/Index.html,/typo3cms/TyposcriptReference/Functions/Round.html
/typo3cms/TyposcriptReference/Functions/Strpad/Index.html,/typo3cms/TyposcriptReference/Functions/Strpad.html